{"cameraMode":{"drawMode":0,"name":"Shaded","section":"Shading Mode"},"sceneLighting":false,"audioPlay":false,"sceneViewState":{"showFog":true,"showMaterialUpdate":false,"showSkybox":false,"showFlares":true,"showImageEffects":true,"showParticleSystems":true},"in2DMode":false,"pivot":{"x":-0.02565769851207733,"y":0.03353244811296463,"z":-0.001117423176765442},"rotation":{"x":-0.11000268906354904,"y":0.8437274098396301,"z":-0.18939122557640077,"w":-0.49005576968193056},"size":0.24352921545505525,"orthographic":false}