{"cameraMode":{"drawMode":0,"name":"Shaded","section":"Shading Mode"},"sceneLighting":false,"audioPlay":false,"sceneViewState":{"showFog":true,"showMaterialUpdate":false,"showSkybox":false,"showFlares":true,"showImageEffects":true,"showParticleSystems":true},"in2DMode":false,"pivot":{"x":-0.28639817237854006,"y":0.008478343486785889,"z":0.5943129658699036},"rotation":{"x":-0.09722020477056503,"y":0.8578535318374634,"z":-0.17640632390975953,"w":-0.4727766513824463},"size":0.4615592956542969,"orthographic":false}